{
  "total_seconds": 402.2901682853699,
  "total_minutes": 6.704836138089498
}